"Status","Start Time","Stop Time","Duration in ms","Parent Suite","Suite","Sub Suite","Test Class","Test Method","Name","Description"
"passed","Fri Oct 02 16:20:11 UTC 2026","Fri Oct 02 16:20:12 UTC 2026","1013","","org.example.RegisztracioTest","","org.example.RegisztracioTest","emailMezoLathato","emailMezoLathato()",""
"passed","Fri Oct 02 16:19:38 UTC 2026","Fri Oct 02 16:19:43 UTC 2026","4594","","org.example.KijelentkezesTest","","org.example.KijelentkezesTest","kijelentkezesVisszavisz","SESSION-REQ-001 – kijelentkezés visszavisz a belépő oldalra",""
"passed","Fri Oct 02 16:19:44 UTC 2026","Fri Oct 02 16:19:59 UTC 2026","14516","","org.example.UjRendszeradatFelvitelTest","","org.example.UjRendszeradatFelvitelTest","energetikaiRendszertLetrehozEsMent","MT-CREATE-006/007 · CREATE-REQ-006/007 – energetikai MI-rendszer létrehozása és mentése",""
"passed","Fri Oct 02 16:19:43 UTC 2026","Fri Oct 02 16:19:44 UTC 2026","1362","","org.example.ApiCrudTest","","org.example.ApiCrudTest","eletciklusEsModositasVedelem","SEC-REQ-006 · API-REQ-002 – rendszer létrehozható/olvasható/törölhető, de azonosítatlan módosítása tiltott","A teszt a rendszer életciklusát járja végig a Supabase REST API-n át.
Létrehozás, olvasás és törlés a service_role kulccsal engedélyezett.

A MÓDOSÍTÁS azonban NEGATÍV eset: a service_role kulcs 'admin', de
NÉVTELEN (nincs auth.uid()), ezért a beépített adatbázis-szabály
elutasítja. Ez NEM hiba, hanem a specifikáció szerinti szándékos
viselkedés:
  - SEC-REQ-006: minden SECURITY DEFINER függvény ellenőrzi az auth.uid()-t;
  - API-REQ-002: jogosulatlan kérés ne módosítson adatot, adjon stabil hibakódot.
Következmény: a valódi (pozitív) módosítást csak bejelentkezett felhasználó
tokenjével szabad tesztelni (lásd API-REQ-005: a service_role nem való ide).
"
"passed","Fri Oct 02 16:20:13 UTC 2026","Fri Oct 02 16:20:14 UTC 2026","1045","","org.example.RegisztracioTest","","org.example.RegisztracioTest","uresMezokHibatAdnak","uresMezokHibatAdnak()",""
"passed","Fri Oct 02 16:18:45 UTC 2026","Fri Oct 02 16:18:49 UTC 2026","4236","","org.example.RendszerImportTest","","org.example.RendszerImportTest","sablonLetoltheto","IMPORT-REQ-001 · MT-IMPORT-LETOLTES – a hivatalos importsablon letölthető",""
"passed","Fri Oct 02 16:20:06 UTC 2026","Fri Oct 02 16:20:07 UTC 2026","994","","org.example.RegisztracioTest","","org.example.RegisztracioTest","jelszoUjraMezoLathato","jelszoUjraMezoLathato()",""
"passed","Fri Oct 02 16:19:08 UTC 2026","Fri Oct 02 16:19:10 UTC 2026","1580","","Belépő oldal – Bejelentkezes és Adatkezelési nyilatkozat","","org.example.BejelentkezesTest","adatkezelesiJelolonegyzetKijelolheto","MT-LOGIN-001 · LOGIN-REQ-001 – az adatkezelési jelölőnégyzet kijelölhető",""
"passed","Fri Oct 02 16:19:15 UTC 2026","Fri Oct 02 16:19:18 UTC 2026","3237","","Belépő oldal – Bejelentkezes és Adatkezelési nyilatkozat","","org.example.BejelentkezesTest","sikeresBelepesAtviszAVezerlopultra","MT-LOGIN-011 · LOGIN-REQ-010 – sikeres belépés átvisz a vezérlőpultra",""
"passed","Fri Oct 02 16:19:21 UTC 2026","Fri Oct 02 16:19:23 UTC 2026","1494","","Belépő oldal – Bejelentkezes és Adatkezelési nyilatkozat","","org.example.BejelentkezesTest","elfelejtettJelszoLinkLathato","MT-LOGIN-001 · LOGIN-REQ-001 – az Elfelejtett jelszó link látható",""
"passed","Fri Oct 02 16:19:00 UTC 2026","Fri Oct 02 16:19:01 UTC 2026","41","","org.example.ApiJogosultsagTest","","org.example.ApiJogosultsagTest","kulcsNelkul401","API-REQ-002 · SEC-REQ-002 – kulcs nélkül 401 elutasítás érkezik",""
"passed","Fri Oct 02 16:19:26 UTC 2026","Fri Oct 02 16:19:28 UTC 2026","1705","","Belépő oldal – Bejelentkezes és Adatkezelési nyilatkozat","","org.example.BejelentkezesTest","jelszoMezoLathatoAzOldalon","MT-LOGIN-002 · LOGIN-REQ-002 – a jelszó mező látható",""
"passed","Fri Oct 02 16:20:15 UTC 2026","Fri Oct 02 16:20:17 UTC 2026","1335","","org.example.RegisztracioTest","","org.example.RegisztracioTest","adatkezelesNelkulHibatAd","adatkezelesNelkulHibatAd()",""
"passed","Fri Oct 02 16:19:28 UTC 2026","Fri Oct 02 16:19:29 UTC 2026","1579","","Belépő oldal – Bejelentkezes és Adatkezelési nyilatkozat","","org.example.BejelentkezesTest","emailMezobeLehetIrni","MT-LOGIN-002 · LOGIN-REQ-002 – az e-mail mezőbe lehet írni",""
"passed","Fri Oct 02 16:19:31 UTC 2026","Fri Oct 02 16:19:32 UTC 2026","1495","","Belépő oldal – Bejelentkezes és Adatkezelési nyilatkozat","","org.example.BejelentkezesTest","regisztracioLinkAHelyesOldalraMutat","MT-LOGIN-001 · LOGIN-REQ-001 – a Regisztráció link a helyes oldalra mutat",""
"passed","Fri Oct 02 16:19:05 UTC 2026","Fri Oct 02 16:19:07 UTC 2026","1885","","Belépő oldal – Bejelentkezes és Adatkezelési nyilatkozat","","org.example.BejelentkezesTest","elfelejtettJelszoLinkreKattintvaMegnyilikAzOldal","MT-LOGIN-001 · LOGIN-REQ-001 – az Elfelejtett jelszó linkre kattintva megnyílik az oldal",""
"passed","Fri Oct 02 16:19:00 UTC 2026","Fri Oct 02 16:19:00 UTC 2026","246","","org.example.ApiJogosultsagTest","","org.example.ApiJogosultsagTest","ervenyesKulccsal200","SEC-REQ-002 – érvényes service_role kulccsal 200 OK érkezik",""
"passed","Fri Oct 02 16:20:08 UTC 2026","Fri Oct 02 16:20:09 UTC 2026","1010","","org.example.RegisztracioTest","","org.example.RegisztracioTest","adatkezelesLinkLathatoEsHelyesreMutat","adatkezelesLinkLathatoEsHelyesreMutat()",""
"passed","Fri Oct 02 16:19:07 UTC 2026","Fri Oct 02 16:19:08 UTC 2026","1549","","Belépő oldal – Bejelentkezes és Adatkezelési nyilatkozat","","org.example.BejelentkezesTest","jelszoMezobeLehetIrni","MT-LOGIN-002 · LOGIN-REQ-002 – a jelszó mezőbe lehet írni",""
"passed","Fri Oct 02 16:19:18 UTC 2026","Fri Oct 02 16:19:20 UTC 2026","1560","","Belépő oldal – Bejelentkezes és Adatkezelési nyilatkozat","","org.example.BejelentkezesTest","demoGombKattinthato","MT-DEMO-001 · DEMO-REQ-001 – nyilatkozat nélkül a demó figyelmeztet",""
"passed","Fri Oct 02 16:18:19 UTC 2026","Fri Oct 02 16:18:23 UTC 2026","3438","","org.example.VezerlopultTest","","org.example.VezerlopultTest","aNegyKartyaLathato","MT-DASH-001 · DASH-REQ-001 – a négy fő modul (kártya) látható",""
"passed","Fri Oct 02 16:18:14 UTC 2026","Fri Oct 02 16:18:16 UTC 2026","1203","","org.example.ApiBejelentkezettModositasTest","","org.example.ApiBejelentkezettModositasTest","bejelentkezettModositasSikeres","EDIT-REQ-001 · SEC-REQ-006 · API-REQ-005 – bejelentkezett owner tokennel a módosítás sikeres","Ellenpárja a negatív tesztnek. Itt előbb BEJELENTKEZÜNK a teszt-userrel
(owner) a Supabase Auth API-n, és megkapjuk az access_token-t (ebben van
az auth.uid()). Ezzel a tokennel a módosítás MÁR SIKERES (200), mert a
beépített szabály (SEC-REQ-006) most azonosítani tudja a végrehajtót.
Így igazoljuk az EDIT-REQ-001-et, és az API-REQ-005-nek megfelelően a
valódi módosítást felhasználói tokennel végezzük (nem service_role-lal).
"
"passed","Fri Oct 02 16:19:01 UTC 2026","Fri Oct 02 16:19:02 UTC 2026","1521","","Belépő oldal – Bejelentkezes és Adatkezelési nyilatkozat","","org.example.BejelentkezesTest","adatkezelesLinkLathato","MT-LOGIN-006 · LOGIN-REQ-006 – az adatkezelési hivatkozás látható",""
"passed","Fri Oct 02 16:20:05 UTC 2026","Fri Oct 02 16:20:06 UTC 2026","1022","","org.example.RegisztracioTest","","org.example.RegisztracioTest","szervezetNeveMezoLathato","szervezetNeveMezoLathato()",""
"passed","Fri Oct 02 16:20:14 UTC 2026","Fri Oct 02 16:20:15 UTC 2026","951","","org.example.RegisztracioTest","","org.example.RegisztracioTest","teljesNevMezoLathato","teljesNevMezoLathato()",""
"passed","Fri Oct 02 16:18:34 UTC 2026","Fri Oct 02 16:18:40 UTC 2026","5911","","org.example.VezerlopultTest","","org.example.VezerlopultTest","mentettRendszerekKartyaNavigal","MT-DASH-002 · DASH-REQ-002 – a Mentett rendszerek kártya navigál",""
"passed","Fri Oct 02 16:19:32 UTC 2026","Fri Oct 02 16:19:38 UTC 2026","5934","","org.example.KijelentkezesTest","","org.example.KijelentkezesTest","vezerlopultNemErhetoKijelentkezesUtan","MT-SESSION-001 · SESSION-REQ-001 – kijelentkezés után a /vezerlopult nem nyílik meg",""
"passed","Fri Oct 02 16:19:59 UTC 2026","Fri Oct 02 16:20:05 UTC 2026","5957","","org.example.AdatMentesFeluletrolTest","","org.example.AdatMentesFeluletrolTest","szabalyzatMenthetoFeluletrol","POLICY-REQ-005 · MT-MENTES – adatok lementése felületről (szabályzat PDF/nyomtatás)",""
"passed","Fri Oct 02 16:18:16 UTC 2026","Fri Oct 02 16:18:19 UTC 2026","3516","","org.example.RegisztracioAdminLinkkelTest","","org.example.RegisztracioAdminLinkkelTest","regisztracioAdminLinkkel","MT-AUTH-006 – regisztráció + megerősítés admin linkkel (e-mail nélkül, stabil)",""
"passed","Fri Oct 02 16:19:23 UTC 2026","Fri Oct 02 16:19:24 UTC 2026","1514","","Belépő oldal – Bejelentkezes és Adatkezelési nyilatkozat","","org.example.BejelentkezesTest","adatkezelesiJelolonegyzetLathato","MT-LOGIN-001 · LOGIN-REQ-001 – az adatkezelési jelölőnégyzet látható",""
"passed","Fri Oct 02 16:17:52 UTC 2026","Fri Oct 02 16:18:07 UTC 2026","15033","","org.example.RendszerModositasTest","","org.example.RendszerModositasTest","rendszerNevModositas","MT-EDIT-001 · EDIT-REQ-001 – rendszer nevének módosítása és a változás valódi ellenőrzése",""
"passed","Fri Oct 02 16:19:24 UTC 2026","Fri Oct 02 16:19:26 UTC 2026","1599","","Belépő oldal – Bejelentkezes és Adatkezelési nyilatkozat","","org.example.BejelentkezesTest","szemGombMegjelenitiAJelszot","MT-LOGIN-005 · LOGIN-REQ-005 – a szem gomb megjeleníti a jelszót",""
"passed","Fri Oct 02 16:20:09 UTC 2026","Fri Oct 02 16:20:10 UTC 2026","972","","org.example.RegisztracioTest","","org.example.RegisztracioTest","jelszoMezoLathato","jelszoMezoLathato()",""
"passed","Fri Oct 02 16:18:13 UTC 2026","Fri Oct 02 16:18:14 UTC 2026","1677","","org.example.ApiRendszerekTest","","org.example.ApiRendszerekTest","sajatSzervezetRendszerei","GEN-REQ-002 · SYSTEM-REQ-001 · SEC-REQ-009 – a szervezet rendszerei tényleg a saját szervezethez tartoznak",""
"passed","Fri Oct 02 16:19:04 UTC 2026","Fri Oct 02 16:19:05 UTC 2026","1491","","Belépő oldal – Bejelentkezes és Adatkezelési nyilatkozat","","org.example.BejelentkezesTest","nyelvvaltoLatszik","MT-LOGIN-003 · LOGIN-REQ-003 – a nyelvváltó látszik",""
"passed","Fri Oct 02 16:19:13 UTC 2026","Fri Oct 02 16:19:15 UTC 2026","1852","","Belépő oldal – Bejelentkezes és Adatkezelési nyilatkozat","","org.example.BejelentkezesTest","regisztracioLinkreKattintvaMegnyilikAzOldal","MT-LOGIN-001 · LOGIN-REQ-001 – a Regisztráció linkre kattintva megnyílik az oldal",""
"passed","Fri Oct 02 16:20:07 UTC 2026","Fri Oct 02 16:20:08 UTC 2026","924","","org.example.RegisztracioTest","","org.example.RegisztracioTest","fiokLetrehozasaGombLathato","fiokLetrehozasaGombLathato()",""
"passed","Fri Oct 02 16:18:28 UTC 2026","Fri Oct 02 16:18:34 UTC 2026","6423","","org.example.VezerlopultTest","","org.example.VezerlopultTest","tagokKartyaNavigal","MT-DASH-002 · DASH-REQ-002 – a Tagok és szerepkörök kártya navigál",""
"passed","Fri Oct 02 16:17:15 UTC 2026","Fri Oct 02 16:17:42 UTC 2026","26873","","org.example.RendszerListaTest","","org.example.RendszerListaTest","lapozasMax5PerOldal","MT-SYSTEM-003 · SYSTEM-REQ-003 – lapozás: oldalanként max 5, nem duplikál/hagy ki",""
"passed","Fri Oct 02 16:19:20 UTC 2026","Fri Oct 02 16:19:21 UTC 2026","1524","","Belépő oldal – Bejelentkezes és Adatkezelési nyilatkozat","","org.example.BejelentkezesTest","emailMezoLathatoAzOldalon","MT-LOGIN-002 · LOGIN-REQ-002 – az e-mail mező látható",""
"passed","Fri Oct 02 16:18:40 UTC 2026","Fri Oct 02 16:18:45 UTC 2026","4841","","org.example.VezerlopultTest","","org.example.VezerlopultTest","ujRendszerKartyaNavigal","MT-DASH-002 · DASH-REQ-002 – az Új MI-rendszer kártya navigál",""
"passed","Fri Oct 02 16:18:49 UTC 2026","Fri Oct 02 16:19:00 UTC 2026","10718","","org.example.RendszerImportTest","","org.example.RendszerImportTest","kitoltottSablonImportalhato","KAN-6 · MT-IMPORT · IMPORT-REQ-007 – egyedi nevű sablon importja bekerül a tárolt rendszerek közé",""
"passed","Fri Oct 02 16:17:42 UTC 2026","Fri Oct 02 16:17:52 UTC 2026","10354","","org.example.RendszerTorlesTest","","org.example.RendszerTorlesTest","rendszerTorles","MT-EDIT-004 · EDIT-REQ-004 – rendszer törlése és a tényleges eltűnés ellenőrzése",""
"passed","Fri Oct 02 16:19:10 UTC 2026","Fri Oct 02 16:19:12 UTC 2026","1716","","Belépő oldal – Bejelentkezes és Adatkezelési nyilatkozat","","org.example.BejelentkezesTest","adatkezelesLinkreKattintvaMegnyilikAzOldal","MT-LOGIN-006 · LOGIN-REQ-006 · PRIVACY-REQ-001 – az adatkezelési oldal megnyílik",""
"passed","Fri Oct 02 16:20:12 UTC 2026","Fri Oct 02 16:20:13 UTC 2026","1295","","org.example.RegisztracioTest","","org.example.RegisztracioTest","tulRovidJelszoHibatAd","tulRovidJelszoHibatAd()",""
"passed","Fri Oct 02 16:20:10 UTC 2026","Fri Oct 02 16:20:11 UTC 2026","1312","","org.example.RegisztracioTest","","org.example.RegisztracioTest","ketKulonbozoJelszoHibatAd","ketKulonbozoJelszoHibatAd()",""
"passed","Fri Oct 02 16:18:23 UTC 2026","Fri Oct 02 16:18:28 UTC 2026","5449","","org.example.VezerlopultTest","","org.example.VezerlopultTest","jogtarKartyaNavigal","MT-DASH-002 · DASH-REQ-002 – a Jogtár kártya navigál",""
"passed","Fri Oct 02 16:19:12 UTC 2026","Fri Oct 02 16:19:13 UTC 2026","1546","","Belépő oldal – Bejelentkezes és Adatkezelési nyilatkozat","","org.example.BejelentkezesTest","jelszoMegjelenitesGombLathato","MT-LOGIN-005 · LOGIN-REQ-005 – a jelszó-megjelenítés gomb látható",""
"passed","Fri Oct 02 16:19:29 UTC 2026","Fri Oct 02 16:19:31 UTC 2026","1494","","Belépő oldal – Bejelentkezes és Adatkezelési nyilatkozat","","org.example.BejelentkezesTest","demoModGombLathato","MT-LOGIN-001 · LOGIN-REQ-001 – a demó gomb látható",""
"passed","Fri Oct 02 16:18:07 UTC 2026","Fri Oct 02 16:18:12 UTC 2026","4956","","org.example.DemoIzolacioTest","","org.example.DemoIzolacioTest","demoBelepesEditorSzerep","MT-DEMO-005 – demó belépés csak editor jogot ad, nem owner [KAN-4]",""
"passed","Fri Oct 02 16:19:02 UTC 2026","Fri Oct 02 16:19:04 UTC 2026","1497","","Belépő oldal – Bejelentkezes és Adatkezelési nyilatkozat","","org.example.BejelentkezesTest","belepesGombLathato","MT-LOGIN-001 · LOGIN-REQ-001 – a Belépés gomb látható",""
